title,reldate,ageres,cover,plot,trailers,duration,likes,name
Avengers: Endgame,"26 Apr, 2019",UA ,//in.bmscdn.com/iedb/movies/images/mobile/thumbnail/xlarge/avengers-end-game-et00090482-07-12-2018-06-50-21.jpg,"The grave course of events set in motion by Thanos that wiped out half the universe and fractured the Avengers ranks compels the remaining Avengers to take one final stand in Marvel Studios` grand conclusion to twenty-two films, ""Avengers: Endgame.""",N/A,3 hrs 02 mins,"166,387",Avengers: Endgame
Jersey,"19 Apr, 2019",U ,//in.bmscdn.com/iedb/movies/images/mobile/thumbnail/xlarge/jersey-et00077973-19-06-2018-02-57-43.jpg,"Luck hasn't always been in favour of Arjun, a gifted cricketer in his mid-thirties whose career has failed to take off. With everyone around him insisting that he should give up on his career, will Arjun have the courage of conviction to continue pursuing his dream?",N/A,2 hrs 40 mins,"49,688",Jersey
Kanchana 3,"19 Apr, 2019",UA ,//in.bmscdn.com/iedb/movies/images/mobile/thumbnail/xlarge/kanchana-3-et00100795-13-04-2019-07-26-53.jpg,"The fourth installment in the Muni film series has the popular ghost hunter (played by Raghava Lawrence) returning to fight the evil forces: both supernatural and earthly. Written and directed by Raghava, the film also stars Vedhika, Oviya and Nikki Tamboli.",N/A,2 hrs 44 mins,"24,287",Kanchana 3
Chitralahari,"12 Apr, 2019",U ,//in.bmscdn.com/iedb/movies/images/mobile/thumbnail/xlarge/chitralahari-et00094348-18-01-2019-10-45-26.jpg,"Down on luck and depressed by constant failures in personal and professional life, Vijay is desperately in search of that single stroke of fortune that could turn his life around. But what if the power to rewrite his destiny lies within?",N/A,2 hrs 11 mins,"26,186",Chitralahari
Majili,"05 Apr, 2019",UA ,//in.bmscdn.com/iedb/movies/images/mobile/thumbnail/xlarge/majili-et00093077-30-12-2018-11-30-13.jpg,"The unfulfilled dream of a cricket career and a failed romance leaves a youngster disillusioned and puts a strain on his family life. Despite the support and encouragement of his newlywed wife, he fails to appreciate the blessings in his life. Will it be too late before he realises his mistakes?",N/A,2 hrs 34 mins,"54,061",Majili
Kalank,"17 Apr, 2019",UA ,//in.bmscdn.com/iedb/movies/images/mobile/thumbnail/xlarge/kalank-et00074273-18-04-2018-10-27-54.jpg,"Set in 1945, in Pre-Independence India, Kalank is a tale of eternal love.",N/A,2 hrs 48 mins,"33,344",Kalank
The Tashkent Files,"12 Apr, 2019",UA ,//in.bmscdn.com/iedb/movies/images/mobile/thumbnail/xlarge/the-tashkent-files-et00069063-11-01-2018-11-36-30.jpg,"The Tashkent Files is a gripping thriller that revolves around the mysterious death of India's 2nd Prime Minister Shri Lal Bahadur Shastri and attempts to uncover if he had actually died a natural death, or, as alleged, was assassinated.",N/A,2 hrs 24 mins,"14,435",The Tashkent Files
Dumbo,"29 Mar, 2019",U ,//in.bmscdn.com/iedb/movies/images/mobile/thumbnail/xlarge/dumbo-et00055829-08-04-2017-09-54-03.jpg,"From Disney and visionary director Tim Burton, the all-new grand live-action adventure ""Dumbo"" expands on the beloved classic story where differences are celebrated, family is cherished and dreams take flight. Circus owner Max Medici (Danny DeVito) enlists former star Holt Farrier (Colin Farrell) and his children Milly (Nico Parker) and Joe (Finley Hobbins) to care for a newborn elephant whose oversized ears make him a laughingstock in an already struggling circus. But when they discover that Dumbo can fly, the circus makes an incredible comeback, attracting persuasive entrepreneur V.A. Vandevere (Michael Keaton), who recruits the peculiar pachyderm for his newest, larger-than-life entertainment venture, Dreamland.",N/A,1 hrs 52 mins,"8,944",Dumbo
The Curse Of The Weeping Woman,"19 Apr, 2019",A ,//in.bmscdn.com/iedb/movies/images/mobile/thumbnail/xlarge/la-llorona-et00086600-18-10-2018-12-12-44.jpg,"When the lives of her children are endangered by an evil spirit, a single mother seeks the help of a priest to escape a tragic fate. Set in Los Angeles in the 1970s, the horror thriller brings alive the Latin American legend of La Llorona, who is believed to stalk the night and prey on children.",N/A,1 hrs 33 mins,"5,781",The Curse Of The Weeping Woman
Oru Yamandan Prema Kadha,"25 Apr, 2019",U ,//in.bmscdn.com/iedb/movies/images/mobile/thumbnail/xlarge/oru-yamandan-prema-kadha-et00079214-05-07-2018-03-45-10.jpg,"A complete entertainer with elements of romance, comedy and action, Oru Yamandan Prema Kadha takes us into the world of a spirited youngster named Lallu and his colourful gang of friends. Directed by B.C. Noufal, the film stars Dulquer Salmaan in the lead role.",N/A,2 hrs 45 mins,"12,411",Oru Yamandan Prema Kadha
How To Train Your Dragon: The Hidden World,"21 Mar, 2019",U ,//in.bmscdn.com/iedb/movies/images/mobile/thumbnail/xlarge/how-to-train-your-dragon-3-et00047163-01-10-2016-03-32-28.jpg,"What began as an unlikely friendship between an adolescent Viking and a fearsome Night Fury dragon has become an epic trilogy spanning their lives. In this next chapter, Hiccup and Toothless will finally discover their true destinies: the village chief as ruler of Berk alongside Astrid, and the dragon as leader of his own kind. As both ascend, the darkest threat they've yet faced-as well as the appearance of a female Night Fury-will test the bonds of their relationship like never before.",N/A,1 hrs 44 mins,"14,816",How To Train Your Dragon: The Hidden World
Diksoochi,"26 Apr, 2019",UA ,//in.bmscdn.com/iedb/movies/images/mobile/thumbnail/xlarge/diksoochi-et00099549-25-03-2019-04-05-35.jpg,"Touted as a devotional crime thriller, Diksoochi follows the story of a man who sets out to solve the mystery surrounding a tragic incident that happened in 1975.",N/A,2 hrs 00 mins,200,Diksoochi
Blank,"03 May, 2019",UA ,//in.bmscdn.com/iedb/movies/images/mobile/thumbnail/xlarge/blank1-et00084155-17-09-2018-03-43-34.jpg,A nightmarish threat looms large in the form of a man with a live bomb in his chest and no memory of how it got there. It is now up to a team of highly trained officers to foil the attack and hunt down the secret terrorist organisation behind it.,N/A,1 hrs 51 mins,0,Blank
Idhi ChalaThakkuva,"19 Apr, 2019",A ,//in.bmscdn.com/iedb/movies/images/mobile/thumbnail/xlarge/idhi-chalathakkuva-et00100540-09-04-2019-03-40-57.jpg,"Thamara, Paru, Kajal and Suganya are four friends who are rather tired of their uneventful routine. However, things take a turn for the better with the arrival of a spirited and outgoing young woman named Rita, who encourages them to live their lives to the fullest.",N/A,2 hrs 05 mins,177,Idhi ChalaThakkuva
Nuvvu Thopu Raa,"03 May, 2019",UA ,//in.bmscdn.com/iedb/movies/images/mobile/thumbnail/xlarge/nuvvu-thopu-raa-et00101190-22-04-2019-12-17-35.jpg,"Suri, a rebellious student who is irresponsible and raised by a single parent from Hyderabad, unexpectedly travels to US. How he takes control of the unforeseen situations and uses his street smartts to get his life back on track from an illegal immigrant status to a successful person forms the crux of Nuvvu Thopu Raa.",N/A,2 hrs 30 mins,0,Nuvvu Thopu Raa
Setters,"03 May, 2019",,//in.bmscdn.com/iedb/movies/images/mobile/thumbnail/xlarge/setters-et00085745-06-10-2018-12-23-02.jpg,"An edge-of-the-seat thriller set in Benares, Jaipur, Mumbai and Delhi, Setters is about a racket profiteering from academic scams. The film follows a cat-and-mouse game between two good friends: one a cop, and the other a ""setter"" who arranges brilliant students in place of weak students to appear in examinations.",N/A,N/A,0,Setters
Duppatlo Minnagu,"26 Apr, 2019",UA ,//in.bmscdn.com/iedb/movies/images/mobile/thumbnail/xlarge/duppatlo-minnagu-et00101401-24-04-2019-02-05-25.jpg,Duppatlo Minnagu is a Telugu movie starring Chirashree Anchan and Naveen Thirthahalli in prominent roles. It is a drama directed by Yendamuri Veerendranath.,N/A,1 hrs 49 mins,21,Duppatlo Minnagu
Geetha Chalo,"Dec, 2019",UA ,//in.bmscdn.com/iedb/movies/images/mobile/thumbnail/xlarge/geetha-chalo-et00101354-23-04-2019-02-07-47.jpg,"Geetha Chalo is a Telugu movie starring Ganesh, Rashmika Mandanna and Akshay Nayak in prominent roles. It is a drama directed & written by Narsimhaiah Sunil Kumar with Judah Sandhy as musician, forming part of the crew.",N/A,2 hrs 27 mins,0,Geetha Chalo
Danger Love Story,"26 Apr, 2019",UA ,//in.bmscdn.com/iedb/movies/images/mobile/thumbnail/xlarge/danger-love-story-et00101402-24-04-2019-03-41-22.jpg,Danger Love Story is a Telugu movie starring Madhulagna Das and Khayyum Ali in prominent roles. It is a drama directed by ,N/A,1 hrs 56 mins,27,Danger Love Story
Okate Life,"03 May, 2019",,//in.bmscdn.com/iedb/movies/images/mobile/thumbnail/xlarge/okate-life-et00101720-29-04-2019-01-52-48.jpg,Okate Life is a Telugu movie starring Jithan Ramesh and Shruti Yugal in prominent roles. It is a drama directed by M Venkat.,N/A,N/A,0,Okate Life
Total Dhamaal,"22 Feb, 2019",U ,//in.bmscdn.com/iedb/movies/images/mobile/thumbnail/xlarge/total-dhamaal-et00015976-18-12-2017-10-43-51.jpg,"A hidden loot of 500 million rupees sends a bunch of eccentric folks on a madcap misadventure, where they all vie to get their hands on the money. Among these are a bickering couple, two dim-witted siblings, some seasoned conmen, a greedy police officer and the mastermind of the loot itself. Will any of them actually hit the jackpot at the end of it all?",N/A,2 hrs 10 mins,"65,546",Total Dhamaal
Romeo Akbar Walter,"05 Apr, 2019",UA ,//in.bmscdn.com/iedb/movies/images/mobile/thumbnail/xlarge/romeo-akbar-walter-et00055220-27-03-2017-12-51-54.jpg,"Romeo Akbar Walter (RAW) is a spy thriller that is set against the backdrop of the Indo-Pakistani War of 1971. The film, which is inspired by true events, is directed by Robby Grewal.",N/A,N/A,"18,655",Romeo Akbar Walter
Hellboy,"12 Apr, 2019",A ,//in.bmscdn.com/iedb/movies/images/mobile/thumbnail/xlarge/hellboy-et00099586-26-03-2019-10-53-05.jpg,"Based on the graphic novels by Mike Mignola, the film follows Hellboy - the beloved son of the Fallen One who is caught between the worlds of the supernatural and human. This time around, his formidable enemy is an ancient sorceress bent on revenge.",N/A,2 hrs 03 mins,"3,382",Hellboy
Vijayaratha ,"12 Apr, 2019",N/A,//in.bmscdn.com/iedb/movies/images/mobile/thumbnail/xlarge/vijayaratha-et00099887-30-03-2019-05-55-04.jpg,"Vijayaratha is a suspense thriller which follows a guy on a race against time to save a life, even as the world around him starts falling apart. Directed by Ajay Surya, the film stars Vasanth Kalyan and Arpitha Gowda in central roles.",N/A,N/A,422,Vijayaratha
1978 A Teen Night Out,"12 Apr, 2019",N/A,//in.bmscdn.com/iedb/movies/images/mobile/thumbnail/xlarge/1978-et00100940-16-04-2019-02-47-35.jpg,"Set in the 1970s, the film follows seven teenagers who find their lives in jeopardy after getting trapped in a haunted mansion. Directed by Aziz Zee, the horror thriller stars  Yash Rajpara, Apurva  Godbole, Gaurav Sharma and Vaishnavi  Kadam in pivotal roles.",N/A,N/A,2724,1978 A Teen Night Out
Gunwali Dulhaniya,"12 Apr, 2019",N/A,//in.bmscdn.com/iedb/movies/images/mobile/thumbnail/xlarge/gunwali-dulhaniya-et00098257-08-03-2019-11-23-37.jpg,"Sharmili, a girl from Lucknow is all set to be married when, on the night of her wedding, she is kidnapped by a goon Bhaiyaji who asks for Rs 5 crore as ransom.",N/A,N/A,619,Gunwali Dulhaniya
Hansa Ek Sanyog,"12 Apr, 2019",N/A,//in.bmscdn.com/iedb/movies/images/mobile/thumbnail/xlarge/hansa-ek-sanyog-et00098360-08-03-2019-10-28-34.jpg,The film highlights the struggle of a transgender child for identity in the society and Kinnar community. It also explores their psyche and inner turmoils as they fight for the right to live with dignity.,N/A,N/A,513,Hansa Ek Sanyog
Uglydolls,"12 Apr, 2019",N/A,//in.bmscdn.com/iedb/movies/images/mobile/thumbnail/xlarge/uglydolls-et00088254-12-11-2018-04-03-41.jpg,"Far off in the land of UglyVille lives the UglyDolls, who are far from perfect yet totally awesome. This is the story of these free-spirited dolls, as they confront what it means to be different, struggle with a desire to be loved, and ultimately discover who you truly are is what matters most.",N/A,N/A,4147,Uglydolls
K 13,"12 Apr, 2019",N/A,//in.bmscdn.com/iedb/movies/images/mobile/thumbnail/xlarge/k-13-et00099176-18-03-2019-06-03-43.jpg,"K 13 is a Tamil movie starring Shraddha Srinath and Yogi Babu in prominent roles. It is a drama directed by Bharath Neelakantan with Sam C.S. as musician, forming part of the crew.",N/A,N/A,929,K 13
Lucifer (Tamil),"12 Apr, 2019",N/A,//in.bmscdn.com/iedb/movies/images/mobile/thumbnail/xlarge/lucifer-2019-et00101782-30-04-2019-02-52-32.jpg,"In God`s own country, the supreme leader of the ruling party dies, leaving a huge vacuum, not only in the electoral and leadership sphere of the party but also that of the state. In the inevitable succession squabble and the power struggle that ensues, the thin line that separates good and bad becomes irrecoverably blurred and out of this seemingly endless mayhem, emerge forces that are hitherto unheard of.",N/A,N/A,111,Lucifer (Tamil)
Rangupaduddi,"12 Apr, 2019",N/A,//in.bmscdn.com/iedb/movies/images/mobile/thumbnail/xlarge/rangupaduddi-et00101577-25-04-2019-07-58-08.jpg,"Six people. One haunted bungalow. A long night of terrors. Will they succeed or succumb? Directed by Shyam Prasad, Rangupaduddi is a horror comedy featuring an ensemble cast.",N/A,N/A,98,Rangupaduddi
Baalaa,"12 Apr, 2019",N/A,//in.bmscdn.com/iedb/movies/images/mobile/thumbnail/xlarge/balaa-et00100467-09-04-2019-11-40-55.jpg,"Balaa is a Marathi movie starring Upendra Limaye, Kranti Redkar, Vikram Gokhale and Suhasini Mulay in prominent roles. It is a drama directed & written by Sachindra Sharma with Rakesh Singh as producer, forming part of the crew.",N/A,N/A,193,Baalaa
Ombathane Adbutha,"12 Apr, 2019",N/A,//in.bmscdn.com/iedb/movies/images/mobile/thumbnail/xlarge/ombathane-adbutha-et00100356-07-04-2019-02-43-21.jpg,"Three stories are woven together by a series of interconnected events in this suspense thriller. Directed by Santosh Kumar Batageri, the film stars Santhosh, Nayana Sai, Century Gowda and Michael Madhu in pivotal roles.",N/A,N/A,205,Ombathane Adbutha
Loafers,"12 Apr, 2019",N/A,//in.bmscdn.com/iedb/movies/images/mobile/thumbnail/xlarge/loafers-et00101509-25-04-2019-11-44-35.jpg,"In a reckless pursuit of happiness and instant gratification, a group of youngsters lose their way and fall into the wrong path. Will it be too late before they realise their mistakes?",N/A,N/A,87,Loafers
Gara,"12 Apr, 2019",N/A,//in.bmscdn.com/iedb/movies/images/mobile/thumbnail/xlarge/gara-2019-et00100351-06-04-2019-03-08-38.jpg,"Inspired by the R.K. Narayan story ""An Astrologer`s Day"", Gara revolves around the life of a conman with a dark past who poses as an astrologer to make a living. Directed by K.R. Muralikrishna, Rahman Hassan, Pradeep Aryan, Avanthika Mohan, Johnny Lever and Sadhu Kokila in central roles.",N/A,N/A,418,Gara
Ikkayude Shakadam,"12 Apr, 2019",N/A,//in.bmscdn.com/iedb/movies/images/mobile/thumbnail/xlarge/ikkayude-shakadam-et00100937-16-04-2019-02-31-39.jpg,Ikkayude Shakadam is a Malayalam movie starring Appani Sarath and DJ Thommi in prominent roles. It is a drama directed by Prince Avaraachan.,N/A,N/A,813,Ikkayude Shakadam
Blackia,"12 Apr, 2019",N/A,//in.bmscdn.com/iedb/movies/images/mobile/thumbnail/xlarge/blackia-et00099830-29-03-2019-03-41-35.jpg,"Blackia is based on the gold rush at Punjab`s international border during the 1970s, when many gold smuggling gangs were fighting to monopolise the business.  An innocent college boy is drawn into this war for power, and takes control of the underworld.",N/A,N/A,1509,Blackia
Jind Jaan,"12 Apr, 2019",N/A,//in.bmscdn.com/iedb/movies/images/mobile/thumbnail/xlarge/jind-jaan-et00097474-26-02-2019-03-34-06.jpg,"Jind Jaan is a Punjabi movie starring Rajvir Jawanda, Sara Sharma and Jaswinder Bhalla in prominent roles. It is a drama directed by Darshan Bagga.",N/A,N/A,171,Jind Jaan
Dil Diyan Gallan,"12 Apr, 2019",N/A,//in.bmscdn.com/iedb/movies/images/mobile/thumbnail/xlarge/dil-diyan-gallan-et00100839-15-04-2019-02-09-33.jpg,"Natasha Waraich is an internet sensation who has fans all over the world and enjoys every bit of attention that comes her way. During a rousing speech as a guest of honour at a London university, she is rudely interrupted by Laddi, a culinary arts major who is disinterested in the digital revolution and all the clamour for attention. ",N/A,N/A,5756,Dil Diyan Gallan
Bau Na Vichaar,"12 Apr, 2019",N/A,//in.bmscdn.com/iedb/movies/images/mobile/thumbnail/xlarge/bahu-na-vichaar-et00100926-16-04-2019-01-54-47.jpg,"A resourceful youngster with a unique vision joins a reality show for entrepreneurs, hoping to win it and thereby prove his worth to his friends, family and business partners.",N/A,N/A,790,Bau Na Vichaar
Bornodi Bhotiai,"12 Apr, 2019",N/A,//in.bmscdn.com/iedb/movies/images/mobile/thumbnail/xlarge/bornodi-bhotiai-et00101266-22-04-2019-04-24-08.jpg,"Set in the island of Majuli, Bornodi Bhotiai follows the story of four boys who fall head over heels for the same girl. Educated but unemployed, all they dream of is a beautiful life with her. Their hilarious misadventures to win her heart forms the crux of the film.",N/A,N/A,90,Bornodi Bhotiai
Maharshi,"12 Apr, 2019",N/A,//in.bmscdn.com/iedb/movies/images/mobile/thumbnail/xlarge/maharshi-et00081372-09-08-2018-10-00-31.jpg,"Rishi, a millionaire businessman, returns to his homeland, where he becomes the champion of poor and downtrodden farmers. Directed by Vamsi Paidipally, Maharshi features Mahesh Babu  and Pooja Hegde in central roles.",N/A,N/A,43769,Maharshi
Student Of The Year 2,"12 Apr, 2019",N/A,//in.bmscdn.com/iedb/movies/images/mobile/thumbnail/xlarge/student-of-the-year-2-et00045192-17-04-2017-18-00-34.jpg,"The second installment in the campus-drama series Student of The Year (2012), Student Of The Year 2 is a Hindi movie featuring Tiger Shroff, Ananya Pandey and Tara Sutaria in the prominent roles.",N/A,N/A,54242,Student Of The Year 2
Chhota Bheem: Kung Fu Dhamaka,"12 Apr, 2019",N/A,//in.bmscdn.com/iedb/movies/images/mobile/thumbnail/xlarge/chhota-bheem-kung-fu-dhamaka-et00075945-17-05-2018-03-03-25.jpg,"Stronger than ever, our favourite little superhero Bheem and his friends are visiting the kingdom of China to participate in an annual martial arts competition. But when the country`s princess is kidnapped by an evil part-demon named Zuhu, Bheem decides to go after him and end Zuhu`s reign of terror.",N/A,N/A,6692,Chhota Bheem: Kung Fu Dhamaka
BRIGHTBURN,"12 Apr, 2019",N/A,//in.bmscdn.com/iedb/movies/images/mobile/thumbnail/xlarge/brightburn-et00099131-18-03-2019-03-36-48.jpg,"What if a child from another world crash-landed on Earth, but instead of becoming a hero to mankind, he proved to be something far more sinister?",N/A,N/A,4464,BRIGHTBURN
Pokemon Detective Pikachu,"12 Apr, 2019",N/A,//in.bmscdn.com/iedb/movies/images/mobile/thumbnail/xlarge/pokemon-detective-pikachu-et00088312-13-11-2018-10-58-13.jpg,"The story begins when ace private eye  Harry Goodman goes mysteriously missing, prompting his 21-year-old son Tim to find out what happened.  Aiding in the investigation is Harry's former Pokemon partner, Detective Pikachu: a hilariously  wise-cracking, adorable super-sleuth who is a puzzlement even to himself.Finding that they are uniquely equipped to communicate with  one  another, Tim and Pikachu join forces on a thrilling  adventure  to  unravel  the  tangled mystery. Chasing clues together through the neon-lit streets of Ryme City-a sprawling, modern metropolis where humans and Pokemon live side by side in a hyper-realistic live-action world - they encountera diverse cast of  Pokemon  characters  and  uncover  a  shocking  plot  that  could destroy this peaceful co-existence and threaten the whole Pokemon universe.",N/A,N/A,32678,Pokemon Detective Pikachu
Ayogya,"12 Apr, 2019",N/A,//in.bmscdn.com/iedb/movies/images/mobile/thumbnail/xlarge/ayogya-tamil-et00088789-19-11-2018-08-29-25.jpg,Ayogya is a Tamil movie starring Vishal Krishna Reddy and Raashi Khanna in prominent role. It is a drama directed by Venkat Mohan.,N/A,N/A,5437,Ayogya
Neeya 2,"12 Apr, 2019",N/A,//in.bmscdn.com/iedb/movies/images/mobile/thumbnail/xlarge/neeya-2-et00071907-05-03-2018-03-13-35.jpg,"Neeya 2 is a Tamil movie starring Raai Laxmi, Jai and Catherine Tresa. It is a drama directed by L. K. Suresh.",N/A,N/A,2140,Neeya 2
Nagakanya,"12 Apr, 2019",N/A,//in.bmscdn.com/iedb/movies/images/mobile/thumbnail/xlarge/nagakanya-et00101105-18-04-2019-04-55-44.jpg,Nagakanya is a Telugu movie starring Jai and Raai Laxmi in prominent roles. It is a drama directed by Suresh.,N/A,N/A,373,Nagakanya
Khananam,"12 Apr, 2019",N/A,//in.bmscdn.com/iedb/movies/images/mobile/thumbnail/xlarge/khananam-et00100808-15-04-2019-11-15-37.jpg,Khananam is a Telugu movie starring Aryavardan and Karishma Baruah in prominent roles. It is a drama directed by Raadha.,N/A,N/A,246,Khananam
Sorry,"12 Apr, 2019",N/A,//in.bmscdn.com/iedb/movies/images/mobile/thumbnail/xlarge/sorry-et00072695-17-03-2018-11-48-03.jpg,"It is a story of Sorry, a young college student, who aspires to become a writer. However, while penning down his play, he starts living in one of his characters. Will he be able to find his real identity?",N/A,N/A,1342,Sorry
Ek Hota Pani,"12 Apr, 2019",N/A,//in.bmscdn.com/iedb/movies/images/mobile/thumbnail/xlarge/ek-hota-pani-et00099851-29-03-2019-05-29-09.jpg,"In a village plagued by water scarcity, an illegal racket of profiteers divert the government water tankers. With the help of a news reporter, the villagers decide to take on the racket and put an end to the injustice.",N/A,N/A,273,Ek Hota Pani
66 Sadashiv,"12 Apr, 2019",N/A,//in.bmscdn.com/iedb/movies/images/mobile/thumbnail/xlarge/66-sadashiv-et00101662-26-04-2019-07-37-40.jpg,"66 Sadashiv is an emotional yet humorous story of Prabhakar Shrikhande, a typical Punekar who starts an institute to spread the awareness about mastering the techniques of a new art form and is trying to gain recognition for the same.",N/A,N/A,74,66 Sadashiv
Soojidaara,"12 Apr, 2019",N/A,//in.bmscdn.com/iedb/movies/images/mobile/thumbnail/xlarge/soojidaara-et00101391-23-04-2019-06-10-49.jpg,"After being accused of a crime he didn`t commit, a man flees from his hometown and assumes a false identity. He finds refuge in the house of a woman named Padma, and soon finds out that the story of her past is strangely related to his own.",N/A,N/A,2116,Soojidaara
Anushka,"12 Apr, 2019",N/A,//in.bmscdn.com/iedb/movies/images/mobile/thumbnail/xlarge/anushka-et00098933-18-03-2019-12-31-03.jpg,Anushka is a Kannada movie starring Rupesh Shetty and Amrutha in prominent roles. It is a drama directed by Devaraj Kumar.,N/A,N/A,2497,Anushka
Traya,"12 Apr, 2019",N/A,//in.bmscdn.com/iedb/movies/images/mobile/thumbnail/xlarge/traya-et00101636-26-04-2019-03-13-44.jpg,"Traya is a Kannada movie starring Samyukta Hornad, Vijay Chendur, Amogha Rahul and Neethu Bala in prominent roles. It is a drama directed by Krishna Sai with Yathish Mahadev as musician, forming part of the crew.",N/A,N/A,14,Traya
Khanana,"12 Apr, 2019",N/A,//in.bmscdn.com/iedb/movies/images/mobile/thumbnail/xlarge/khanana-et00100807-15-04-2019-10-58-50.jpg,"Khanana is a suspense thriller that follows the story of Ajay, a celebrated architect who loses it all and subsequently sets on a path of vengeance and redemption. Directed by Raadha, the movie stars Aryavardan in the lead role.",N/A,N/A,218,Khanana
Jeem Boom Bhaa,"12 Apr, 2019",N/A,//in.bmscdn.com/iedb/movies/images/mobile/thumbnail/xlarge/jeem-boom-bhaa-et00099230-19-03-2019-10-22-57.jpg,"Jeem Boom Bhaa is a comedy thriller that tells the story of three friends who are troubled by three different problems, and how they solve them all on an eventful new year`s eve. Directed by Rahul Ramachandra, the film stars Askar Ali in the lead role.",N/A,N/A,564,Jeem Boom Bhaa
Lukan Michi,"12 Apr, 2019",N/A,//in.bmscdn.com/iedb/movies/images/mobile/thumbnail/xlarge/lukan-michi-et00096887-19-02-2019-01-08-06.jpg,"When the prospects of getting married to the love of his life is crushed by a long-standing family feud and a grumpy older brother who is unmarried, a youngster sets out with a scheme to solve everybody`s problems. Directed by M. Hundal, Lukan Michi stars Preet Harpal and Mandy Takhar in the lead roles.",N/A,N/A,308,Lukan Michi
15 Lakh Kadon Aauga,"12 Apr, 2019",N/A,//in.bmscdn.com/iedb/movies/images/mobile/thumbnail/xlarge/15-lakh-kadon-aauga-et00101730-29-04-2019-04-58-37.jpg,"15 lakh kadon aauga is a Punjabi movie starring Ravinder Grewal, Pooja Verma and Hobby Dhaliwal in prominent roles. It is a drama directed by Manpreet Brar with Sanjay Sankla as editor, forming part of the crew.",N/A,N/A,24,15 Lakh Kadon Aauga
Konttho,"12 Apr, 2019",N/A,//in.bmscdn.com/iedb/movies/images/mobile/thumbnail/xlarge/kontho-et00078508-26-06-2018-09-53-44.jpg,"Arjun Mallik is a popular RJ who is not only famous but well-loved. His listeners connect with him personally and his voice is music to their ears. However, his perfect life comes to an absolute halt when he is diagnosed with throat cancer. A story of hope, a story of friendship, a story of struggle - Konttho, is about the indomitable human spirit.",N/A,N/A,1119,Konttho
Jalsaghar,"12 Apr, 2019",N/A,//in.bmscdn.com/iedb/movies/images/mobile/thumbnail/xlarge/jalsaghar-et00101729-29-04-2019-04-57-32.jpg,"Jalsaghar is a Gujarati movie starring Jeetendra Thakkar, Yamini Joshi and Nikhil Parmar in prominent roles. It is a drama directed & produced by Atul Patel with Akash Shah as musician, forming part of the crew.",N/A,N/A,14,Jalsaghar
Evadu Thakkuva Kadu,"12 Apr, 2019",N/A,//in.bmscdn.com/iedb/movies/images/mobile/thumbnail/xlarge/evadu-thakkuva-kadu-et00101444-24-04-2019-02-55-37.jpg,Evadu Thakkuva Kadu follows the story of four friends who face the wrath of a powerful man after their actions inadvertently result in a loss of face for him. They must now fight back against him for survival.,N/A,N/A,89,Evadu Thakkuva Kadu
Sindhubaadh,"12 Apr, 2019",N/A,//in.bmscdn.com/iedb/movies/images/mobile/thumbnail/xlarge/sindhubaadh-et00098478-11-03-2019-06-05-38.jpg,"Sindhubaadh is a Tamil movie starring Vijay Sethupathi and Anjali in prominent roles. It is a drama directed by SU Arunkumar with S. N. Rajarajan as producer, forming part of the crew.",N/A,N/A,1926,Sindhubaadh
Chase,"12 Apr, 2019",N/A,//in.bmscdn.com/iedb/movies/images/mobile/thumbnail/xlarge/chase-kannada-et00082117-20-08-2018-04-52-43.jpg,"The lives of a group of individuals troubled by their personal and professional turmoils intersect, leading to unexpected consequences. The film, while addressing several contemporary issues, conveys an uplifting message about not giving up in the face of great adversity.",N/A,N/A,988,Chase
De De Pyaar De,"12 Apr, 2019",N/A,//in.bmscdn.com/iedb/movies/images/mobile/thumbnail/xlarge/de-de-pyaar-de-et00082637-28-08-2018-04-33-56.jpg,"Luv Ranjan's De De Pyaar De is a contemporary rom-com with a quirky take on urban relationships. The film starring Ajay Devgn, Tabu and Rakul Preet Singh is directed by the renowned Hindi film editor, Akiv Ali.",N/A,N/A,10304,De De Pyaar De
A Dogs Journey,"12 Apr, 2019",N/A,//in.bmscdn.com/iedb/movies/images/mobile/thumbnail/xlarge/a-dogs-journey-et00099438-22-03-2019-03-42-02.jpg,"A Dogs Journey is an English movie starring Betty Gilpin, Dennis Quaid and Josh Gad in prominent roles. It is a drama directed by Gail Mancuso with Robert Komatsu as editor, forming part of the crew.",N/A,N/A,2561,A Dogs Journey
The Hustle,"12 Apr, 2019",N/A,//in.bmscdn.com/iedb/movies/images/mobile/thumbnail/xlarge/the-hustle-et00096587-14-02-2019-11-01-14.jpg,Two seasoned con artists with contrasting personalities team up to accomplish a common goal: take down the dirty rotten men who have wronged them!,N/A,N/A,2919,The Hustle
John Wick: Chapter 3 - Parabellum,"12 Apr, 2019",N/A,//in.bmscdn.com/iedb/movies/images/mobile/thumbnail/xlarge/john-wick-chapter-3-et00077201-07-06-2018-01-13-41.jpg,"In the third installment of the John Wick series, John must fight his way out of New York after a $14 million global contract is put out on his life following his killing of a High Table member.",N/A,N/A,20870,John Wick: Chapter 3 - Parabellum
The Sun Is Also A Star,"12 Apr, 2019",N/A,//in.bmscdn.com/iedb/movies/images/mobile/thumbnail/xlarge/the-sun-is-also-a-star-et00095270-30-01-2019-06-11-44.jpg,"""What if I told you I could get you to fall in love with me...?"" ",N/A,N/A,1549,The Sun Is Also A Star
Mr. Local,"12 Apr, 2019",N/A,//in.bmscdn.com/iedb/movies/images/mobile/thumbnail/xlarge/mr-local-et00096915-19-02-2019-03-29-00.jpg,"Mr. Local is a Tamil movie starring Sivakarthikeyan, Nayanthara and Radhika Sarathkumar in prominent roles. It is a drama directed by Rajesh.M.",N/A,N/A,12417,Mr. Local
Arjun Suravaram,"12 Apr, 2019",N/A,//in.bmscdn.com/iedb/movies/images/mobile/thumbnail/xlarge/arjun-suravaram-et00095605-04-02-2019-08-02-38.jpg,"When he is wrongly convicted for swindling banks with fake certificates, an investigative journalist sets out to prove his innocence and take down the dangerous counterfeiting racket behind the crime. Directed by T.N. Santhosh, Arjun Suravaram stars Nikhil Siddharth and Lavanya Tripathi in central roles.",N/A,N/A,13177,Arjun Suravaram
ABCD: American Born Confused Desi,"12 Apr, 2019",N/A,//in.bmscdn.com/iedb/movies/images/mobile/thumbnail/xlarge/abcd-american-born-confused-desi-et00094356-18-01-2019-12-13-02.jpg,"Born into an NRI family in USA, Avi is a spoilt brat who spends his time being lazy and extravagant. Fed up by Avi`s irresponsibility, his father decides to teach him a lesson or two and sends him along with his  best buddy to India.",N/A,N/A,5640,ABCD: American Born Confused Desi
Rampaat,"12 Apr, 2019",N/A,//in.bmscdn.com/iedb/movies/images/mobile/thumbnail/xlarge/rampaat-et00099515-25-03-2019-11-55-47.jpg,"Aspiring for instant fame and fortune, Mithun from Solapur and Munni from Kolhapur travel to Mumbai, where the bittersweet struggle of their journey to accomplish their dreams begins. The wisdom they gain from their troubles will teach these youngsters to  work harder and hustle for an ""all-time hit"" rather than a ""one-time hit"".",N/A,N/A,191,Rampaat
Ratnamanjarii,"12 Apr, 2019",N/A,//in.bmscdn.com/iedb/movies/images/mobile/thumbnail/xlarge/ratnamanjarii-et00100380-08-04-2019-11-05-29.jpg,"A botanist with photographic memory is intrigued by a recurring nightmare and decides to dig deeper to see if there is any truth to it. He soon finds himself on the cusp of solving a murder mystery. Directed by Prasiddh, Ratnamanjarii stars Raj Charan and Akhila Prakash in the lead roles.",N/A,N/A,5294,Ratnamanjarii
Gangstar vs State,"12 Apr, 2019",N/A,//in.bmscdn.com/iedb/movies/images/mobile/thumbnail/xlarge/gangstar-vs-state-et00100060-02-04-2019-06-25-21.jpg,"Gangstar vs State is a Punjabi movie starring Mantej Mann, Sunakshi Sharma and Amrit Randhaw in prominent roles. It is a drama directed by Alam Gahir.",N/A,N/A,198,Gangstar vs State
Bhoot Chaturdashi,"12 Apr, 2019",N/A,//in.bmscdn.com/iedb/movies/images/mobile/thumbnail/xlarge/bhoot-chaturdashi-et00101322-23-04-2019-10-48-30.jpg,Four youngsters head out to an abandoned house to shoot a documentary. What starts off as a regular fun road trip slowly becomes a dangerously haunting experience as a series of strange and unfortunate events start happening to them. Can they survive this nightmare?,N/A,N/A,112,Bhoot Chaturdashi
Wrong Number,"12 Apr, 2019",N/A,//in.bmscdn.com/iedb/movies/images/mobile/thumbnail/xlarge/wrong-number-bengali-et00101022-17-04-2019-04-38-58.jpg,"Sandy is an idle youngster who hails from a rich family and dreams of becoming a popular musician. His roommate Joy is a part-time teacher who comes from a middle-class family and aspires to become a writer. When a song penned by Joy and sung by Sandy becomes a YouTube hit, a literature student named Deya and her friend Shruti take an interest in the men. ",N/A,N/A,106,Wrong Number
Chhoriyan Chhoron Se Kam Nai Hoti,"12 Apr, 2019",N/A,//in.bmscdn.com/iedb/movies/images/mobile/thumbnail/xlarge/chhoriyan-chhoron-se-kam-nai-hoti-et00101275-22-04-2019-06-59-48.jpg,Chhoriyan Chhoron Se Kam Nai Hoti is a Haryanvi drama directed by Rajesh A Babbar.,N/A,N/A,18,Chhoriyan Chhoron Se Kam Nai Hoti
India's Most Wanted,"12 Apr, 2019",N/A,//in.bmscdn.com/iedb/movies/images/mobile/thumbnail/xlarge/india-s-most-wanted-et00075580-11-05-2018-11-35-33.jpg,The film follows a group of intelligence officers who embark on a top secret mission to track down a wanted international criminal.,N/A,N/A,1593,India's Most Wanted
Aladdin,"12 Apr, 2019",N/A,//in.bmscdn.com/iedb/movies/images/mobile/thumbnail/xlarge/aladdin-2018-et00086118-11-10-2018-04-28-34.jpg,"A thrilling and vibrant live-action adaptation of Disney's animated classic, ""Aladdin"" is the exciting tale of the charming street rat Aladdin, the courageous and self-determined Princess Jasmine and the Genie who may be the key to their future.",N/A,N/A,27663,Aladdin
Chaturnath,"12 Apr, 2019",N/A,//in.bmscdn.com/iedb/movies/images/mobile/thumbnail/xlarge/chaturnath-et00100037-02-04-2019-03-16-51.jpg,"Chaturnath is an everyman who is fed up with the corruption in the society. Wanting to make a change for the better, he dons the lawyer`s gown and soon becomes the messiah of the downtrodden.",N/A,N/A,111,Chaturnath
Ad Astra,"12 Apr, 2019",N/A,//in.bmscdn.com/iedb/movies/images/mobile/thumbnail/xlarge/ad-astra-et00069912-29-01-2018-10-04-01.jpg,"More than two decades after Clifford McBride went missing while on a mission in search of extraterrestrial intelligence, his son and Army Corps engineer Roy McBride sets out on a galactic quest to find him.",N/A,N/A,2696,Ad Astra
Kolaigaran,"12 Apr, 2019",N/A,//in.bmscdn.com/iedb/movies/images/mobile/thumbnail/xlarge/kolaigaran-et00077113-06-06-2018-09-52-11.jpg,"A man on a murder spree meets his match in a brilliant police officer, and a cat-and-mouse game ensues. But is there a method to the killer`s madness? Directed by Andrew Louis, Kolaigaran stars Arjun Sarja and Vijay Antony in the lead roles.",N/A,N/A,5734,Kolaigaran
Burra Katha,"12 Apr, 2019",N/A,//in.bmscdn.com/iedb/movies/images/mobile/thumbnail/xlarge/burra-katha-et00100714-11-04-2019-05-51-20.jpg,Burra Katha is a Telugu movie starring Aadi Saikumar in a prominent role. It is a drama directed by Ratna Babu,N/A,N/A,28,Burra Katha
Judgement,"12 Apr, 2019",N/A,//in.bmscdn.com/iedb/movies/images/mobile/thumbnail/xlarge/judgement-et00100005-02-04-2019-12-48-31.jpg,"Based on Nila Satyanarayan`s novel `Runn`, the story revolves around a maniac IAS officer, who tortures his wife with the disappointment upon having two girl children and no son. Tragedy befalls when the woman is found dead while she undergoes an illegal fetus test in her third pregnancy. She is survived by her father and two daughters, one of which grows up to become an advocate and gets the case reopened to fight for justice for her mother.  Will Justice prevail?",N/A,N/A,49,Judgement
D/O Parvathamma,"12 Apr, 2019",N/A,//in.bmscdn.com/iedb/movies/images/mobile/thumbnail/xlarge/parvathamma-et00093357-03-01-2019-06-20-39.jpg,"An investigative officer Vaidehi is investigating a sensational and challenging murder case, which has many layers. Will Vaidehi be able to crack this case or just end up landing in various adventures?",N/A,N/A,1860,D/O Parvathamma
Rakshapurushan,"12 Apr, 2019",N/A,//in.bmscdn.com/iedb/movies/images/mobile/thumbnail/xlarge/rakshapurushan-et00101263-22-04-2019-04-14-18.jpg,"The story of Rakshapurushan revolves around Stephen, an honest man whose life descends into chaos after he loses everything dear to him in the battle against a corrupt system. Will Stephen be able to redeem himself and conquer the forces of evil that brought him down?",N/A,N/A,23,Rakshapurushan
Muklawa,"12 Apr, 2019",N/A,//in.bmscdn.com/iedb/movies/images/mobile/thumbnail/xlarge/muklawa-et00100305-05-04-2019-04-26-09.jpg,"Back in the days, tradition dictated that a newlywed woman should stay back at her parents` house for a while after her wedding. It was  forbidden for the groom to even enter the bride`s village during this period, let alone meet her. Muklawa is the story of a man who sets out to romance his own wife - in an era where life was simple, but love was difficult!",N/A,N/A,625,Muklawa
Chandigarh Amritsar Chandigarh,"12 Apr, 2019",N/A,//in.bmscdn.com/iedb/movies/images/mobile/thumbnail/xlarge/chandigarh-amritsar-chandigarh-et00100758-12-04-2019-01-46-42.jpg,"While on a trip from Chandigarh to Amritsar to sabotage her own wedding, a woman crosses paths with a stranger, and the two end up spending the day together despite their differences. Despite their apparent differences, will the strange chemistry they share lead to something more meaningful?",N/A,N/A,349,Chandigarh Amritsar Chandigarh
Durgeshgorer Guptodhon,"12 Apr, 2019",N/A,//in.bmscdn.com/iedb/movies/images/mobile/thumbnail/xlarge/durgeshgorer-guptodhon-et00093125-31-12-2018-02-45-38.jpg,"Sona da with Abir and Jhinuk embarks on his new adventure, a quest that will take them to the legendary Durgeshgor. The journey reveals that the Debroy family, the erstwhile zamindars in their princely mansion hold the key to a presumed rumor of a treasure connected with Plassey. With an amazing vibrant backdrop of Durga Puja in the princely Debroy mansion where the trio is invited for the occasion, one after the other clues are revealed testing Sona da`s wit and grit one more time leading towards the discovery of one of greatest treasures Bengal has ever witnessed.",N/A,N/A,1586,Durgeshgorer Guptodhon
Godzilla 2: King of the Monsters,"12 Apr, 2019",N/A,//in.bmscdn.com/iedb/movies/images/mobile/thumbnail/xlarge/godzilla-2-et00052615-24-01-2017-08-34-49.jpg,"Following the global success of ""Godzilla"" and ""Kong: Skull Island"" comes the next chapter in Warner Bros. Pictures` and Legendary Pictures` cinematic Monster Verse: ""Godzilla: King of the Monsters, ""an epic action-adventure that pits Godzilla against some of the most popular monsters in pop culture history.",N/A,N/A,28139,Godzilla 2: King of the Monsters
MA,"12 Apr, 2019",N/A,//in.bmscdn.com/iedb/movies/images/mobile/thumbnail/xlarge/ma-et00096700-15-02-2019-03-39-43.jpg,"MA is an English movie starring Missi Pyle, Luke Evans and Juliette Lewis in prominent roles. It is a drama directed by Tate Taylor with Jason Blum as producer, forming part of the crew.",N/A,N/A,495,MA
Rocketman,"12 Apr, 2019",N/A,//in.bmscdn.com/iedb/movies/images/mobile/thumbnail/xlarge/rocketman-et00077538-13-06-2018-03-02-29.jpg,"An intimate portrait of the life and times of English musician Elton John, from his early years at the Royal Academy of Music to his ascension as a legendary artist and cultural icon.",N/A,N/A,1286,Rocketman
NGK,"12 Apr, 2019",N/A,//in.bmscdn.com/iedb/movies/images/mobile/thumbnail/xlarge/ngk-et00071916-05-03-2018-05-57-41.jpg,"Nandha Gopalan Kumaran (NGK), a charismatic young man, embarks on a political journey that brings about an unprecedented socio-political revolution. Directed by ace filmmaker K. Selvaraghavan, NGK stars Suriya Sivakumar in the titular role.",N/A,N/A,29442,NGK
Devi 2,"12 Apr, 2019",N/A,//in.bmscdn.com/iedb/movies/images/mobile/thumbnail/xlarge/devi-2-et00101597-26-04-2019-12-03-00.jpg,"Devi 2 is a Tamil movie starring Prabhu Deva, Tamannaah Bhatia, Nandita Swetha and Sonu Sood  in prominent roles. It is a horror directed by A. L. Vijay. ",N/A,N/A,96,Devi 2
Dear Comrade,"12 Apr, 2019",N/A,//in.bmscdn.com/iedb/movies/images/mobile/thumbnail/xlarge/dear-comrade-et00075421-09-05-2018-12-13-20.jpg,Dear Comrade is a Telugu movie starring Vijay Deverakonda in a prominent role. It is an action drama directed by Bharat Kamma.,N/A,N/A,26714,Dear Comrade
BaBo,"12 Apr, 2019",N/A,//in.bmscdn.com/iedb/movies/images/mobile/thumbnail/xlarge/babo-et00099853-29-03-2019-05-35-00.jpg,"BaBo is a Marathi movie starring Sayaji Shinde, Kishore Kadam and Bharat Ganeshpure in prominent roles. It is a  drama directed by Ramesh Chaudhary, with Sachin Baburao Pawar and Trupti Sachin Pawar as the producer, forming part of the crew.",N/A,N/A,88,BaBo
Andolan,"12 Apr, 2019",N/A,//in.bmscdn.com/iedb/movies/images/mobile/thumbnail/xlarge/andolan-bhoj-et00100942-16-04-2019-02-56-32.jpg,"Adarsh is an honest journalist who believes in the axiom that the pen is mightier than the sword. His crusade against various social evils makes him the target of several powerful, corrupted men and ultimately leads to a tragedy in Adarsh`s life. How Adarsh exacts his revenge on them forms the crux of the story of Andolan.",N/A,N/A,32,Andolan
Bharat,"12 Apr, 2019",N/A,//in.bmscdn.com/iedb/movies/images/mobile/thumbnail/xlarge/bharat-et00068351-28-12-2017-04-24-35.jpg,"When he was eight years old, Bharat made a promise to his father: to keep the family together no matter what. It`s a promise he keeps over the next 60 years of his life, despite each decade throwing a new set of challenges at him: some humorous, some thrilling and a few even dangerous! ",N/A,N/A,15271,Bharat
Rakshasudu,"12 Apr, 2019",N/A,//in.bmscdn.com/iedb/movies/images/mobile/thumbnail/xlarge/rakshasudu-et00101842-30-04-2019-06-19-17.jpg,"Arun, a newly recruited sub-inspector, sets out in pursuit of a mysterious serial killer who targets teen girls and murders them brutally. His hunt for the psychopath will come at a price, but nothing will stop Arun from ending the killer`s vicious murder spree.",N/A,N/A,11,Rakshasudu
Dastaan E Miri Piri,"12 Apr, 2019",N/A,//in.bmscdn.com/iedb/movies/images/mobile/thumbnail/xlarge/dastaan-e-miri-piri-et00087303-27-10-2018-04-02-19.jpg,"Dastaan E Miri Piri is a Punjab movie. It is an animation directed by Vinod Lanjewar with Gurjot Singh Ahluwalia as writer, forming part of the crew.",N/A,N/A,857,Dastaan E Miri Piri
Kidnap,"12 Apr, 2019",N/A,//in.bmscdn.com/iedb/movies/images/mobile/thumbnail/xlarge/kidnapbengali-et00096632-14-02-2019-03-47-44.jpg,"After stumbling across illegal activities in a shady pub, a photojournalist finds her life in jeopardy. The only person standing between the criminal racket and her is a youngster who is a singer at the pub. Can he save her from the imminent danger?",N/A,N/A,254,Kidnap
 X-Men: Dark Phoenix,"12 Apr, 2019",N/A,//in.bmscdn.com/iedb/movies/images/mobile/thumbnail/xlarge/x-men-dark-phoenix-et00058524-16-06-2017-11-21-55.jpg,"This is the story of one of the X-Men`s most beloved characters, Jean Grey, as she evolves into the iconic DARK PHOENIX.  During a life-threatening rescue mission in space, Jean is hit by a cosmic force that transforms her into one of the most powerful mutants of all.  Wrestling with this increasingly unstable power as well as her own personal demons, Jean spirals out of control, tearing the X-Men family apart and threatening to destroy the very fabric of our planet.  The film is the most intense and emotional X-Men movie ever made. It is the culmination of 20 years of X-Men movies, as the family of mutants that we`ve come to know and love must face their most devastating enemy yet -- one of their own.",N/A,N/A,63544,X-Men: Dark Phoenix
Mogra Phulaalaa,"12 Apr, 2019",N/A,//in.bmscdn.com/iedb/movies/images/mobile/thumbnail/xlarge/mogra-phulaalaa-et00097165-22-02-2019-10-26-45.jpg,"Mogra Phulaalaa chronicles the story of a man who has dedicated all his life attending to the well-being of his family, and forgot to take care of his personal life along the way. The events that unfold after he meets the woman of his dreams forms the crux of the film.",N/A,N/A,34,Mogra Phulaalaa
Mental Hai Kya,"12 Apr, 2019",N/A,//in.bmscdn.com/iedb/movies/images/mobile/thumbnail/xlarge/mental-hai-kya-et00071872-05-03-2018-10-17-18.jpg,"Mental Hai Kya is a Hindi movie starring Kangana Ranaut and Rajkummar Rao in prominent roles. It is a drama directed by Prakash Kovelamudi with Ekta Kapoor as producer, forming part of the crew.",N/A,N/A,10566,Mental Hai Kya
Toy Story 4,"12 Apr, 2019",N/A,//in.bmscdn.com/iedb/movies/images/mobile/thumbnail/xlarge/toy-story-4-et00046525-16-09-2016-01-23-38.jpg,"Woody has always been confident about his place in the world and that his priority is taking care of his kid, whether that's Andy or Bonnie. But when Bonnie adds a reluctant new toy called ""Forky"" to her room, a road trip adventure alongside old and new friends will show Woody how big the world can be for a toy.",N/A,N/A,16679,Toy Story 4
Miracle,"12 Apr, 2019",N/A,//in.bmscdn.com/iedb/movies/images/mobile/thumbnail/xlarge/miracle-et00100135-03-04-2019-04-29-21.jpg,"What if Veerappan came back from the dead in the guise of an IPS officer? The plot revolves around a celebrity couple Mrs Lilitha and Harman Shergill who are serving as an IAS and IPS officers respectively. Shockingly, the wife kills the husband in a felicitation function in the presence of VIPs. Will she be proven guilty in court?",N/A,N/A,615,Miracle
Kabir Singh,"12 Apr, 2019",N/A,//in.bmscdn.com/iedb/movies/images/mobile/thumbnail/xlarge/arjun-reddy-et00080853-31-07-2018-04-53-00.jpg,A brilliant yet impulsive young surgeon falls into a path of self-destruction after the love of his life is forced to marry another man.,N/A,N/A,6171,Kabir Singh
Shadaa,"12 Apr, 2019",N/A,//in.bmscdn.com/iedb/movies/images/mobile/thumbnail/xlarge/shadaa-et00082402-24-08-2018-11-12-16.jpg,Shadaa is a Punjabi movie starring Diljit Dosanjh and Neeru Bajwa in prominent roles. It is a drama directed by Jagdeep Sidhu.,N/A,N/A,1272,Shadaa
Drive,"12 Apr, 2019",N/A,//in.bmscdn.com/iedb/movies/images/mobile/thumbnail/xlarge/drive-et00054134-01-03-2017-02-56-36.jpg,Drive is a Hindi movie starring Sushant Singh Rajput and Jacqueline Fernandes in prominent roles. It is an action-thriller adventure directed by Tarun Mansukhani.,N/A,N/A,13412,Drive
Annabelle Comes Home,"12 Apr, 2019",N/A,//in.bmscdn.com/iedb/movies/images/mobile/thumbnail/xlarge/annabelle-comes-home-et00099889-31-03-2019-10-15-19.jpg,"Paranormal investigators Ed and Lorraine Warren keep a possessed doll locked up in an artifacts room in their house. When the doll awakens the room's evil spirits, it soon becomes a night of terror for the couple's young daughter and her friends.",N/A,N/A,6202,Annabelle Comes Home
Takatak,"12 Apr, 2019",N/A,//in.bmscdn.com/iedb/movies/images/mobile/thumbnail/xlarge/takatak-et00100381-08-04-2019-11-07-36.jpg,"Takatak is a Marathi movie starring Prathamesh Parab, Ritika Shrotri, Abhijit Amkar and Pranali Bhalerao in prominent roles. It is a drama directed by Milind Kavde.",N/A,N/A,36,Takatak
Adham,"12 Apr, 2019",N/A,//in.bmscdn.com/iedb/movies/images/mobile/thumbnail/xlarge/adham-et00096973-20-02-2019-10-00-23.jpg,"Orphaned as a child, Vicky was raised by Anna Bhosale, the ring leader of a mining mafia operating around Pune. For years now, he has served as the trusted henchman of Anna, crushing anyone who stands in the way of his godfather`s interests.",N/A,N/A,42,Adham
Manaroopa,"12 Apr, 2019",N/A,//in.bmscdn.com/iedb/movies/images/mobile/thumbnail/xlarge/manaroopa-et00100786-12-04-2019-06-32-22.jpg,"A group of college friends plan their reunion in the dense forests of Western Ghats, where they hope to unwind in the grandeur of nature. As they journey to the fabled Karadi Guhe (Bear`s Cave) inside the forest, they bond over old memories and share their dreams for the future. ",N/A,N/A,46,Manaroopa
Mindo Taseeldarni,"12 Apr, 2019",N/A,//in.bmscdn.com/iedb/movies/images/mobile/thumbnail/xlarge/mindo-taseeldarni-et00089432-28-11-2018-12-55-15.jpg,Mindo Taseeldarni is a Punjabi movie starring Kavita Kaushik in a prominent role. It is a drama directed by Avtar Singh.  ,N/A,N/A,157,Mindo Taseeldarni
Satellite Shankar,"12 Apr, 2019",N/A,//in.bmscdn.com/iedb/movies/images/mobile/thumbnail/xlarge/satellite-shankar-et00083016-03-09-2018-12-33-19.jpg,Satellite Shankar is a Hindi movie starring Sooraj Pancholi in a prominent role. It is a drama directed by Irfan Kamal.,N/A,N/A,487,Satellite Shankar
Spider-Man: Far From Home,"12 Apr, 2019",N/A,//in.bmscdn.com/iedb/movies/images/mobile/thumbnail/xlarge/spider-man-far-from-home-et00078437-25-06-2018-02-54-59.jpg,After the events of the untitled Avengers film Peter Parker and his friends go on summer vacation to Europe and there Peter finds himself trying to save his friends against a villain known as Mysterio.,N/A,N/A,37157,Spider-Man: Far From Home
Jabariya Jodi,"12 Apr, 2019",N/A,//in.bmscdn.com/iedb/movies/images/mobile/thumbnail/xlarge/shotgun-shaadi-et00075290-07-05-2018-04-07-40.jpg,"Based on groom kidnappings in Bihar, where the groom is kidnapped to avoid dowry, the film has Siddharth Malhotra playing a thug who helps kidnap grooms. It also features Parineeti Chopra in a prominent role.",N/A,N/A,2362,Jabariya Jodi
Jai Mummy Di,"12 Apr, 2019",N/A,//in.bmscdn.com/iedb/movies/images/mobile/thumbnail/xlarge/jai-mummy-di-et00096771-18-02-2019-12-04-28.jpg,"Jai Mummy Di is a light-hearted family comedy revolving around two mothers and their kids. What follows is how these kids deal with their mommy issues, which leads to utter chaos.",N/A,N/A,79,Jai Mummy Di
A Biopic from the Film Industry,"12 Apr, 2019",N/A,//in.bmscdn.com/iedb/movies/images/mobile/thumbnail/xlarge/a-biopic-from-the-film-industry-et00100130-03-04-2019-04-13-11.jpg,A simple girl from Punjab comes to the big city with dreams in her eyes. The plot revolves around her struggle to stardom and how she handles her success once she reaches the top.,N/A,N/A,72,A Biopic from the Film Industry
Top Gun: Maverick,"12 Apr, 2019",N/A,//in.bmscdn.com/iedb/movies/images/mobile/thumbnail/xlarge/top-gun-maverick-et00076943-04-06-2018-03-03-27.jpg,"Over three decades after the action drama Top Gun released in 1986, Tom Cruise reprises his role of Pete ""Maverick"" Mitchell in the second installment of the Top Gun series - Top Gun: Maverick in 2019 written by Peter Craig.",N/A,N/A,3018,Top Gun: Maverick
Jaddi Sardar,"12 Apr, 2019",N/A,//in.bmscdn.com/iedb/movies/images/mobile/thumbnail/xlarge/jaddi-sardar-et00100660-11-04-2019-12-27-03.jpg,"Jaddi Sardar is a Punjabi movie starring Sippy Gill, Dilpreet Dhillon and Guggu Gill in prominent roles. It is a drama directed by Manbhavan Singh.",N/A,N/A,24,Jaddi Sardar
The Lion King,"12 Apr, 2019",N/A,//in.bmscdn.com/iedb/movies/images/mobile/thumbnail/xlarge/the-lion-king-2019-et00089130-23-11-2018-01-42-40.jpg,"""The Lion King"" journeys to the African savanna where a future king must overcome betrayal and tragedy to assume his rightful place on Pride Rock.",N/A,N/A,14073,The Lion King
Pal Pal Dil Ke Paas,"12 Apr, 2019",N/A,//in.bmscdn.com/iedb/movies/images/mobile/thumbnail/xlarge/pal-pal-dil-ke-paas-et00096630-14-02-2019-03-40-34.jpg,"Pal Pal Dil Ke Paas is a Hindi movie starring Karan Deol in prominent roles. It is a drama directed by Sunny Deol.If you are a representative of the production house, please share the details of the film with [emailprotected]",N/A,N/A,341,Pal Pal Dil Ke Paas
Arjun Patiala,"12 Apr, 2019",N/A,//in.bmscdn.com/iedb/movies/images/mobile/thumbnail/xlarge/arjun-patiala-et00064800-07-11-2017-05-14-17.jpg,Arjun Patiala is a Hindi movie starring Diljith Dosanth and Kriti Sanon in prominent roles. It is a comedy drama produced by Dinesh Vijan.,N/A,N/A,3059,Arjun Patiala
Smile Please,"12 Apr, 2019",N/A,//in.bmscdn.com/iedb/movies/images/mobile/thumbnail/xlarge/smile-please-et00100333-05-04-2019-06-32-15.jpg,Smile Please is a Marathi movie starring Mukta Barve and Lalit Prabhakar in prominent roles. It is a drama directed by Vikram Phadnis.,N/A,N/A,13,Smile Please
Super 30,"12 Apr, 2019",N/A,//in.bmscdn.com/iedb/movies/images/mobile/thumbnail/xlarge/super-30-et00064569-03-11-2017-12-22-53.jpg,"Anand Kumar, a Mathematics genius from a modest family in Bihar who is made to believe that only a King's son can become a king is on a mission to prove that even the poor man can create some of the world's most genius minds. He starts a training program named 'Super 30' to help 30 IIT aspirants crack the entrance test and make them highly successful professionals.",N/A,N/A,13723,Super 30
Once Upon A Time In Hollywood,"12 Apr, 2019",N/A,//in.bmscdn.com/iedb/movies/images/mobile/thumbnail/xlarge/once-upon-a-time-in-hollywood-et00077261-08-06-2018-11-32-27.jpg,"The film tells the story of a TV actor and his stunt double who embark on a journey to make a name for themselves in 1969 Hollywood, during the Charles Manson murders.",N/A,N/A,4667,Once Upon A Time In Hollywood
Hobbs and Shaw,"12 Apr, 2019",N/A,//in.bmscdn.com/iedb/movies/images/mobile/thumbnail/xlarge/hobbs-and-shaw-et00074077-13-04-2018-11-38-02.jpg,"A spinoff of the Fate of the Furious, focusing on Johnson's US Diplomatic Security Agent Luke Hobbs forming an unlikely alliance with Statham's Deckard Shaw.",N/A,N/A,13635,Hobbs and Shaw
Stuber,"12 Apr, 2019",N/A,//in.bmscdn.com/iedb/movies/images/mobile/thumbnail/xlarge/stuber-et00089325-27-11-2018-12-47-03.jpg,"Stu, a mild-mannered Uber driver, picks up a passenger who turns out to be a cop in hot pursuit of a wanted criminal. The wildest ride of Stu`s cabbie career is about to begin, even as he desperately tries to hold onto his wits, his life and his five-star rating!",N/A,N/A,301,Stuber
The New Mutants,"12 Apr, 2019",N/A,//in.bmscdn.com/iedb/movies/images/mobile/thumbnail/xlarge/new-mutants-et00063623-13-10-2017-02-43-50.jpg,"After five young mutants who are held in a remote secret facility discover their abilities, they embark on a journey to save themselves.",N/A,N/A,5970,The New Mutants
Chase No Mercy to Crime,"12 Apr, 2019",N/A,//in.bmscdn.com/iedb/movies/images/mobile/thumbnail/xlarge/chase-no-mercy-to-crime-et00101106-18-04-2019-05-20-11.jpg,"Based on a true story, the plot revolves around a train robbery executed by a Jharkhand based father-son duo. How will the Bengal police capture the real mastermind who is also the master of disguise?",N/A,N/A,19,Chase No Mercy to Crime
Dora And The Lost City Of Gold,"12 Apr, 2019",N/A,//in.bmscdn.com/iedb/movies/images/mobile/thumbnail/xlarge/dora-and-the-lost-city-of-gold-et00099589-26-03-2019-10-50-02.jpg,"Though she has spent most of her life exploring the jungle and embracing adventures, nothing could have prepared Dora for the crazy world of high school. Along with a ragtag group of teens and her trusted sidekick Boots the Monkey, she embarks on an epic quest to rediscover a lost Incan civilization, while also trying to save her parents from impending trouble.",N/A,N/A,1563,Dora And The Lost City Of Gold
Kalki,"12 Apr, 2019",N/A,//in.bmscdn.com/iedb/movies/images/mobile/thumbnail/xlarge/kalki-2019-et00100916-16-04-2019-12-54-43.jpg,Kalki is a Malayalam movie starring Tovino Thomas in a prominent role. It is a drama directed by Praveen Prabharam.,N/A,N/A,207,Kalki
Artemis Fowl,"12 Apr, 2019",N/A,//in.bmscdn.com/iedb/movies/images/mobile/thumbnail/xlarge/artermis-fowl-et00089430-28-11-2018-11-59-39.jpg,"Disney's ""Artemis Fowl,"" based on the beloved book by Eoin Colfer, is a fantastical, spellbinding adventure that follows the journey of 12-year-old genius Artemis Fowl, a descendant of a long line of criminal masterminds, as he seeks to find his father who has mysteriously disappeared. With the help of his loyal protector Butler, Artemis sets out to find him, and in doing so uncovers an ancient, underground civilization-the amazingly advanced world of fairies. Deducing that his father's disappearance is somehow connected to the secretive, reclusive fairy world, cunning Artemis concocts a dangerous plan so dangerous that he ultimately finds himself in a perilous war of wits with the all powerful fairies.",N/A,N/A,2774,Artemis Fowl
Batla House,"12 Apr, 2019",N/A,//in.bmscdn.com/iedb/movies/images/mobile/thumbnail/xlarge/batla-house-et00075855-16-05-2018-12-23-04.jpg,"Based on the 2008 Delhi Batla House case, the crime thriller Batla House chronicles the police encounter and investigation of the case.",N/A,N/A,2794,Batla House
Made In China,"12 Apr, 2019",N/A,//in.bmscdn.com/iedb/movies/images/mobile/thumbnail/xlarge/made-in-china-et00080071-18-07-2018-06-45-17.jpg,A struggling Gujarati businessman heads to China in a quest for better prospects. Will his eventful journey full of ups and downs and misadventures eventually help him become a  successful entrepreneur?,N/A,N/A,1447,Made In China
Saaho,"12 Apr, 2019",N/A,//in.bmscdn.com/iedb/movies/images/mobile/thumbnail/xlarge/saaho-et00056595-28-04-2017-10-26-00.jpg,"Saaho is a multi-lingual movie starring Prabhas and Shraddha Kapoor in prominent roles. The cast also includes Neil Nitin Mukesh and Jackie Shroff. It is a drama directed by Sujeeth with Shankar Mahadevan, Ehsaan Noorani and Loy Mendonsa as the music composers, forming part of the crew.",N/A,N/A,72504,Saaho
Ye Re Ye Re Paisa 2,"12 Apr, 2019",N/A,//in.bmscdn.com/iedb/movies/images/mobile/thumbnail/xlarge/ye-re-ye-re-paisa-2-et00077482-12-06-2018-05-16-01.jpg,"Ye Re Ye Re Paisa 2 is a Marathi movie directed by Hemant Dhome, with Hrishikesh Koli as the writer, forming a part of the crew.",N/A,N/A,1732,Ye Re Ye Re Paisa 2
Bayko Deta Ka Bayko,"12 Apr, 2019",N/A,//in.bmscdn.com/iedb/movies/images/mobile/thumbnail/xlarge/bayko-deta-ka-bayko-et00100665-11-04-2019-01-16-36.jpg,Bayko Deta Ka Bayko is a Marathi movie starring Sunil Godbole and Abhilasha Patil in prominent roles. It is a drama directed by Suresh Sahebrao Thange.,N/A,N/A,8,Bayko Deta Ka Bayko
Naukar Vahuti Da,"12 Apr, 2019",N/A,//in.bmscdn.com/iedb/movies/images/mobile/thumbnail/xlarge/naukar-vahuti-da-et00100521-09-04-2019-01-57-21.jpg,"Naukar Vahuti Da is a Punjabi movie starring Binnu Dhillon, Kulraj Randhawa and Upasna Singh in prominent roles. It is a drama directed by Smeep Kang.",N/A,N/A,551,Naukar Vahuti Da
Chhichhore,"12 Apr, 2019",N/A,//in.bmscdn.com/iedb/movies/images/mobile/thumbnail/xlarge/chhichhore-et00085935-09-10-2018-11-33-49.jpg,Chhichhore is a Hindi movie starring Sushant Singh Rajput and Shraddha Kapoor in prominent roles. The movie also stars Varun Sharma. It is a drama directed by Nitesh Tiwari.,N/A,N/A,1278,Chhichhore
Kaappaan,"12 Apr, 2019",N/A,//in.bmscdn.com/iedb/movies/images/mobile/thumbnail/xlarge/kaappaan-et00093234-02-01-2019-04-17-09.jpg,"Kaappaan is a Tamil movie starring Mohanlal and suriya Sivakumar in prominent roles. The movie also stars Sayyeshaa Saigal. It is a drama directed by K. V. Anand with Harris Jayaraj as musician, forming part of the crew.",N/A,N/A,1997,Kaappaan
It: Chapter 2,"12 Apr, 2019",N/A,//in.bmscdn.com/iedb/movies/images/mobile/thumbnail/xlarge/chapter-2-et00077370-11-06-2018-12-09-47.jpg,"Evil resurfaces in Derry as director Andy Muschietti reunites the Losers Club-young and adult-in a return to where it all began with ""IT CHAPTER TWO."" The film is Muschietti's follow-up to 2017's critically acclaimed and massive worldwide box office hit ""IT,"" which grossed over $700 million globally.  Both redefining and transcending the genre, ""IT"" became part of the cultural zeitgeist as well as the highest-grossing horror film of all time. Because every 27 years evil revisits the town of Derry, Maine, ""IT CHAPTER TWO"" brings the characters-who've long since gone their separate ways-back together as adults, nearly three decades after the events of the first film.",N/A,N/A,5328,It: Chapter 2
Dream Girl,"12 Apr, 2019",N/A,//in.bmscdn.com/iedb/movies/images/mobile/thumbnail/xlarge/dream-girl-et00089745-30-11-2018-04-32-07.jpg,Dream Girl is a Hindi movie starring Ayushmann Khurrana and Nushrat Bharuchain prominent roles. It is a drama written & directed by Raaj Shaandilyaa.,N/A,N/A,1684,Dream Girl
Spies In Disguise,"12 Apr, 2019",N/A,//in.bmscdn.com/iedb/movies/images/mobile/thumbnail/xlarge/spies-in-disguise-et00072276-10-03-2018-03-41-39.jpg,"Lance Sterling is a super spy who is suave and super-smooth. Aiding him on his epic missions is Walter Beckett, a socially awkward scientist who creates all the awesome gadgets Lance uses. With certain unexpected events putting the world in peril and challenging their resourcefulness, this odd couple must now team up and rely on each other to save the day.",N/A,N/A,1539,Spies In Disguise
Daaka,"12 Apr, 2019",N/A,//in.bmscdn.com/iedb/movies/images/mobile/thumbnail/xlarge/daaka-et00097118-21-02-2019-04-31-45.jpg,Daaka is a Punjabi movie starring  Gippy Grewal and Zareen Khan in prominent roles. It is a drama directed by Baljit Singh Deo.,N/A,N/A,139,Daaka
Nikka Zaildar 3,"12 Apr, 2019",N/A,//in.bmscdn.com/iedb/movies/images/mobile/thumbnail/xlarge/nikka-zaildar-3-et00100207-04-04-2019-01-39-19.jpg,"Nikka Zaildar 3 is a Punjabi movie starring Ammy Virk, Wamiqa Gabbi, Sonia Kour, Nirmal Rishi and Baninderjit Bunny in prominent roles. It is a drama directed by Simerjit Singh.",N/A,N/A,104,Nikka Zaildar 3
Abominable,"12 Apr, 2019",N/A,//in.bmscdn.com/iedb/movies/images/mobile/thumbnail/xlarge/abominable-et00096697-15-02-2019-03-02-29.jpg,"Abominable is an English movie starring Tsai Chin in prominent roles. It is a aniimation directed by Jill Culton, with Rupert Gregson-Williams as musician, forming part of the crew.",N/A,N/A,45,Abominable
Doorbeen,"12 Apr, 2019",N/A,//in.bmscdn.com/iedb/movies/images/mobile/thumbnail/xlarge/doorbeen-et00100001-02-04-2019-12-25-53.jpg,"Doorbeen is a Punjabi movie starring Wamiqa Gabbi, Yograj Singh and Karamjit Anmol in prominent roles. It is a drama directed by Ishan Chopra.",N/A,N/A,24,Doorbeen
Gaalib,"12 Apr, 2019",N/A,//in.bmscdn.com/iedb/movies/images/mobile/thumbnail/xlarge/gaalib-et00084598-22-09-2018-12-03-42.jpg,Gaalib  is a Marathi movie starring Deepika Chikhalia and Anil Rastogi in prominent roles. It is a drama directed by Manoj Giri.,N/A,N/A,29,Gaalib
Rambo,"12 Apr, 2019",N/A,//in.bmscdn.com/iedb/movies/images/mobile/thumbnail/xlarge/rambo-et00057464-20-05-2017-01-24-43.jpg,"Rambo is a Hindi movie starring Tiger Shroff and Hrithik Roshan in prominent roles. It is an action drama directed by Siddarth Anand.If you are a representative of the production house, please share the details of the film with [emailprotected]",N/A,N/A,9836,Rambo
Marjaavaan,"12 Apr, 2019",N/A,//in.bmscdn.com/iedb/movies/images/mobile/thumbnail/xlarge/marjaavaan-et00087452-31-10-2018-10-20-39.jpg,"Marjaavaan is a Hindi movie starring Riteish Deshmukh, Sidharth Malhotra and Tara Sutaria in prominent roles. It is a drama directed by  Milap Milan Zaveri.",N/A,N/A,671,Marjaavaan
The Woman In The Window,"12 Apr, 2019",N/A,//in.bmscdn.com/iedb/movies/images/mobile/thumbnail/xlarge/the-woman-in-the-window-et00089327-27-11-2018-12-52-09.jpg,"The film revolves around a woman who has been living alone in New York City. Drinking wine, watching movies and spying on her neighbors are her favourite pass times.  Meanwhile, a new family moves into the house across the way and she begins to spy on them. One day, while looking out of the window, she witnesses something that she shouldn't have. Will this change her life forever? Will danger befall on her? Will she be able to escape the situation?",N/A,N/A,313,The Woman In The Window
Joker,"12 Apr, 2019",N/A,//in.bmscdn.com/iedb/movies/images/mobile/thumbnail/xlarge/joker-et00100071-03-04-2019-10-23-41.jpg,"A chilling origin story to one of the most iconic comic book supervillains, the film follows a failed stand-up comedian in the city of Gotham who is ostracized by the society and soon turns into a life of crime after being driven insane.",N/A,N/A,5552,Joker
Gemini Man,"12 Apr, 2019",N/A,//in.bmscdn.com/iedb/movies/images/mobile/thumbnail/xlarge/gemini-man-et00071776-01-03-2018-04-05-10.jpg,"Henry Brogan, an elite assassin, is suddenly targeted and pursued by a mysterious young operative that seemingly can predict his every move.",N/A,N/A,421,Gemini Man
Password,"12 Apr, 2019",N/A,//in.bmscdn.com/iedb/movies/images/mobile/thumbnail/xlarge/password-et00097268-24-02-2019-09-36-41.jpg,Password is a Bengali movie starring Dev Adhikari  and Paoli Dam in prominent roles. It is a drama directed by Kamaleshwar Mukherjee.,N/A,N/A,101,Password
The Sky Is Pink,"12 Apr, 2019",N/A,//in.bmscdn.com/iedb/movies/images/mobile/thumbnail/xlarge/the-sky-is-pink-et00082248-22-08-2018-01-02-12.jpg,"Based on My Little Epiphanies, The Sky Is Pink chronicles the life of Aisha Chaudhary, who became an inspirational speaker after being diagnosed with pulmonary fibrosis when she was thirteen-years-old.",N/A,N/A,452,The Sky Is Pink
Jungle Cruise ,"12 Apr, 2019",N/A,//in.bmscdn.com/iedb/movies/images/mobile/thumbnail/xlarge/jungle-cruise-et00081136-05-08-2018-12-18-51.jpg,"Based on Disneyland's theme park ride where a small riverboat takes a group of travelers through a jungle filled with dangerous animals and reptiles, but with a supernatural element.",N/A,N/A,895,Jungle Cruise
Pynngop,"12 Apr, 2019",N/A,//in.bmscdn.com/iedb/movies/images/mobile/thumbnail/xlarge/pynngop-et00101411-24-04-2019-10-58-56.jpg,"Pynngop chronicles the tragic journey of Kongdeng, a village girl who is lured into a web of deceit under the false pretext of a better life in the city.",N/A,N/A,30,Pynngop
Maleficent 2,"12 Apr, 2019",N/A,//in.bmscdn.com/iedb/movies/images/mobile/thumbnail/xlarge/maleficent-2-et00076688-30-05-2018-09-44-05.jpg,"The second installment of the epic fantasy adventure follows the ascendant princess Aurora and the darkly charismatic Maleficent as they try to navigate the complex dynamics between them, form new alliances and confront new adversaries - all in a bid to protect their land and its subjects.",N/A,N/A,1809,Maleficent 2
Kaithi,"12 Apr, 2019",N/A,//in.bmscdn.com/iedb/movies/images/mobile/thumbnail/xlarge/kaithi-et00098319-08-03-2019-05-13-44.jpg,"If you are a representative of the production house, please share the details of the film with [emailprotected]",N/A,N/A,149,Kaithi
Jinde Meriye,"12 Apr, 2019",N/A,//in.bmscdn.com/iedb/movies/images/mobile/thumbnail/xlarge/jinde-meriye-et00097403-26-02-2019-10-01-37.jpg,"If you are a representative of the production house, please share the details of the film with [emailprotected]",N/A,N/A,76,Jinde Meriye
ABCD 3,"12 Apr, 2019",N/A,//in.bmscdn.com/iedb/movies/images/mobile/thumbnail/xlarge/abcd-3-et00072721-19-03-2018-11-23-29.jpg,ABCD 3 is a Hindi movie starring Varun Dhawan and Katrina Kaif in prominent roles. It is a dance musical directed by Remo D'Souza.,N/A,N/A,5143,ABCD 3
Street Dancer 3,"12 Apr, 2019",N/A,//in.bmscdn.com/iedb/movies/images/mobile/thumbnail/xlarge/street-dancer-3-et00095633-05-02-2019-12-53-08.jpg,Street Dancer 3 is a Hindi movie starring  Varun Dhawan and Shraddha Kapoor in prominent roles. It is an action drama directed by Remo D'Souza.,N/A,N/A,1864,Street Dancer 3
Terminator,"12 Apr, 2019",N/A,//in.bmscdn.com/iedb/movies/images/mobile/thumbnail/xlarge/terminator-et00080990-02-08-2018-09-42-35.jpg,"If you are a representative of the production house, please share the details of the film with  [emailprotected]",N/A,N/A,3000,Terminator
Frozen 2,"12 Apr, 2019",N/A,//in.bmscdn.com/iedb/movies/images/mobile/thumbnail/xlarge/frozen-2-et00056551-26-04-2017-07-17-17.jpg,"Frozen 2 is an English movie starring Idina Menzel, Kristen Bell and Jonathan Groff in prominent roles. It is an animated fantasy drama directed by Chris Buck and Jennifer Lee.",N/A,N/A,7244,Frozen 2
Dil Bechara,"12 Apr, 2019",N/A,//in.bmscdn.com/iedb/movies/images/mobile/thumbnail/xlarge/dil-bechara-et00098454-11-03-2019-04-22-57.jpg,Dil Bechara is a Hindi movie starring Sushant Singh Rajput and Sanjana Sanghi in prominent roles. It is a drama directed by Mukesh Chhabra.,N/A,N/A,114,Dil Bechara
Panipat,"12 Apr, 2019",N/A,//in.bmscdn.com/iedb/movies/images/mobile/thumbnail/xlarge/panipat-et00072511-14-03-2018-09-38-26.jpg,A historical period drama that recounts the events that led up to and unfolded during the Third Battle of Panipat between the Maratha Empire and the Durrani Empire in 1761.,N/A,N/A,3360,Panipat
Pati Patni Aur Woh,"12 Apr, 2019",N/A,//in.bmscdn.com/iedb/movies/images/mobile/thumbnail/xlarge/pati-patni-aur-woh-et00094055-14-01-2019-01-47-49.jpg,"Pati Patni Aur Woh is a Hindi movie starring Kartik Aaryan and Ananya Panday in prominent roles. It is a drama directed by Mudassar Aziz with Juno Chopra as producer, forming part of the crew.",N/A,N/A,647,Pati Patni Aur Woh
